jbampton,Beast,phpsuperguru,john.bampton
ugifractal,ugifractal
giacomosorbi,GiacomoSorbi
kazk,kazk
jhoffner,jhoffner
danl12186,Firefly2002
tsara27,tsara27
scottyrs,scottyrs
udha,udha
prestonhunter,prestonhunter
petraruttiger,petraruttiger
grfxwzdesigner,grfxwzdesigner,TheHarster
tachyonlabs,tachyonlabs
vikranthkr,vikranthkr
keliantrie,solitarywanderer
donaldkellett,donaldsebleung
divyanshbatham,curious_db97
vladalive,vladalive
10xl,10XL
markschemmer,Ze-Marcos
torvalds
josevalim
kennethreitz
rlerdorf
taylorotwell
nobu
hsbt
matz
sebastianbergmann
jeffreyway
gvanrossum
mitsuhiko
ken
griesemer
adonovan
robpike
fabpot
mbostock
rsc
keiju
mpapis
amatsuda
summerhill5
delprofundo
nelsonic
roscopecoltran